{
	"class_name" : "PinholeCameraParameters",
	"extrinsic" : 
	[
		0.99740911955052625,
		8.9700722802843284e-20,
		-0.07193780812232356,
		0.0,
		-3.9031219662587814e-21,
		-1.0,
		-1.3010367522952652e-18,
		0.0,
		-0.07193780812232356,
		1.297946703648783e-18,
		-0.99740911955052625,
		0.0,
		0.18153483770138351,
		-0.97700620920639158,
		-5.119464276383149,
		1.0
	],
	"intrinsic" : 
	{
		"height" : 900,
		"intrinsic_matrix" : 
		[
			751.89521003057234,
			0.0,
			0.0,
			0.0,
			751.89521003057234,
			0.0,
			799.5,
			449.5,
			1.0
		],
		"width" : 1600
	},
	"version_major" : 1,
	"version_minor" : 0
}